location,timestamp,temperature,humidity
New Delhi-8118,2025-01-01T00:00:00.000Z,30.3,45.0
New Delhi-8118,2025-01-01T01:00:00.000Z,22.3,62.0
New Delhi-8118,2025-01-01T02:00:00.000Z,8.5,88.1
New Delhi-8118,2025-01-01T03:00:00.000Z,30.9,33.8
New Delhi-8118,2025-01-01T04:00:00.000Z,27.2,89.8
New Delhi-8118,2025-01-01T05:00:00.000Z,13.0,80.4
New Delhi-8118,2025-01-01T06:00:00.000Z,12.3,51.4
New Delhi-8118,2025-01-01T07:00:00.000Z,21.9,84.1
New Delhi-8118,2025-01-01T08:00:00.000Z,28.9,36.1
New Delhi-8118,2025-01-01T09:00:00.000Z,19.5,59.0
New Delhi-8118,2025-01-01T10:00:00.000Z,26.8,34.6
New Delhi-8118,2025-01-01T11:00:00.000Z,32.3,32.5
New Delhi-8118,2025-01-01T12:00:00.000Z,26.0,83.8
New Delhi-8118,2025-01-01T13:00:00.000Z,12.8,49.4
New Delhi-8118,2025-01-01T14:00:00.000Z,34.3,31.7
New Delhi-8118,2025-01-01T15:00:00.000Z,18.7,41.3
New Delhi-8118,2025-01-01T16:00:00.000Z,23.1,44.0
New Delhi-8118,2025-01-01T17:00:00.000Z,6.0,80.0
New Delhi-8118,2025-01-01T18:00:00.000Z,19.1,59.2
New Delhi-8118,2025-01-01T19:00:00.000Z,29.9,68.2
New Delhi-8118,2025-01-01T20:00:00.000Z,25.1,69.1
New Delhi-8118,2025-01-01T21:00:00.000Z,10.0,51.8
New Delhi-8118,2025-01-01T22:00:00.000Z,5.5,50.0
New Delhi-8118,2025-01-01T23:00:00.000Z,23.3,44.3
New Delhi-8118,2025-01-02T00:00:00.000Z,27.0,59.5
New Delhi-8118,2025-01-02T01:00:00.000Z,25.4,45.7
New Delhi-8118,2025-01-02T02:00:00.000Z,28.2,57.6
New Delhi-8118,2025-01-02T03:00:00.000Z,21.8,89.1
New Delhi-8118,2025-01-02T04:00:00.000Z,7.4,56.6
New Delhi-8118,2025-01-02T05:00:00.000Z,19.9,75.6
New Delhi-8118,2025-01-02T06:00:00.000Z,31.4,41.3
New Delhi-8118,2025-01-02T07:00:00.000Z,8.8,41.2
New Delhi-8118,2025-01-02T08:00:00.000Z,12.4,32.9
New Delhi-8118,2025-01-02T09:00:00.000Z,19.7,80.5
New Delhi-8118,2025-01-02T10:00:00.000Z,23.0,58.6
New Delhi-8118,2025-01-02T11:00:00.000Z,12.9,74.6
New Delhi-8118,2025-01-02T12:00:00.000Z,5.2,70.3
New Delhi-8118,2025-01-02T13:00:00.000Z,19.1,43.6
New Delhi-8118,2025-01-02T14:00:00.000Z,26.4,47.0
New Delhi-8118,2025-01-02T15:00:00.000Z,25.1,46.2
New Delhi-8118,2025-01-02T16:00:00.000Z,16.0,42.0
New Delhi-8118,2025-01-02T17:00:00.000Z,22.2,83.1
New Delhi-8118,2025-01-02T18:00:00.000Z,29.1,36.2
New Delhi-8118,2025-01-02T19:00:00.000Z,34.3,46.6
New Delhi-8118,2025-01-02T20:00:00.000Z,34.0,61.3
New Delhi-8118,2025-01-02T21:00:00.000Z,29.4,90.0
New Delhi-8118,2025-01-02T22:00:00.000Z,30.3,85.6
New Delhi-8118,2025-01-02T23:00:00.000Z,15.5,78.2
New Delhi-8118,2025-01-03T00:00:00.000Z,14.4,61.7
New Delhi-8118,2025-01-03T01:00:00.000Z,26.2,46.8
New Delhi-8118,2025-01-03T02:00:00.000Z,21.3,64.0
New Delhi-8118,2025-01-03T03:00:00.000Z,9.2,40.6
New Delhi-8118,2025-01-03T04:00:00.000Z,18.4,42.7
New Delhi-8118,2025-01-03T05:00:00.000Z,21.2,41.1
New Delhi-8118,2025-01-03T06:00:00.000Z,5.4,32.6
New Delhi-8118,2025-01-03T07:00:00.000Z,31.2,76.3
New Delhi-8118,2025-01-03T08:00:00.000Z,5.6,35.5
New Delhi-8118,2025-01-03T09:00:00.000Z,19.1,77.2
New Delhi-8118,2025-01-03T10:00:00.000Z,7.1,46.0
New Delhi-8118,2025-01-03T11:00:00.000Z,17.2,57.4
New Delhi-8118,2025-01-03T12:00:00.000Z,30.0,81.7
New Delhi-8118,2025-01-03T13:00:00.000Z,19.1,36.2
New Delhi-8118,2025-01-03T14:00:00.000Z,15.1,33.9
New Delhi-8118,2025-01-03T15:00:00.000Z,26.0,61.5
New Delhi-8118,2025-01-03T16:00:00.000Z,14.4,85.6
New Delhi-8118,2025-01-03T17:00:00.000Z,33.1,72.9
New Delhi-8118,2025-01-03T18:00:00.000Z,5.7,47.0
New Delhi-8118,2025-01-03T19:00:00.000Z,11.6,54.4
New Delhi-8118,2025-01-03T20:00:00.000Z,30.3,64.1
New Delhi-8118,2025-01-03T21:00:00.000Z,18.3,53.1
New Delhi-8118,2025-01-03T22:00:00.000Z,12.9,84.8
New Delhi-8118,2025-01-03T23:00:00.000Z,10.1,32.9
New Delhi-8118,2025-01-04T00:00:00.000Z,31.3,88.1
New Delhi-8118,2025-01-04T01:00:00.000Z,24.7,33.7
New Delhi-8118,2025-01-04T02:00:00.000Z,22.4,51.9
New Delhi-8118,2025-01-04T03:00:00.000Z,34.6,57.9
New Delhi-8118,2025-01-04T04:00:00.000Z,9.6,72.0
New Delhi-8118,2025-01-04T05:00:00.000Z,28.0,44.6
New Delhi-8118,2025-01-04T06:00:00.000Z,15.4,83.8
New Delhi-8118,2025-01-04T07:00:00.000Z,5.6,30.6
New Delhi-8118,2025-01-04T08:00:00.000Z,31.8,86.5
New Delhi-8118,2025-01-04T09:00:00.000Z,16.0,40.3
New Delhi-8118,2025-01-04T10:00:00.000Z,30.2,77.2
New Delhi-8118,2025-01-04T11:00:00.000Z,11.2,80.1
New Delhi-8118,2025-01-04T12:00:00.000Z,21.3,40.8
New Delhi-8118,2025-01-04T13:00:00.000Z,33.2,45.3
New Delhi-8118,2025-01-04T14:00:00.000Z,27.1,88.3
New Delhi-8118,2025-01-04T15:00:00.000Z,7.7,69.2
New Delhi-8118,2025-01-04T16:00:00.000Z,26.1,70.0
New Delhi-8118,2025-01-04T17:00:00.000Z,12.5,60.5
New Delhi-8118,2025-01-04T18:00:00.000Z,20.1,80.3
New Delhi-8118,2025-01-04T19:00:00.000Z,29.2,47.3
New Delhi-8118,2025-01-04T20:00:00.000Z,34.3,73.2
New Delhi-8118,2025-01-04T21:00:00.000Z,7.6,39.2
New Delhi-8118,2025-01-04T22:00:00.000Z,5.1,57.5
New Delhi-8118,2025-01-04T23:00:00.000Z,29.6,53.8
New Delhi-8118,2025-01-05T00:00:00.000Z,17.9,65.5
New Delhi-8118,2025-01-05T01:00:00.000Z,11.6,85.6
New Delhi-8118,2025-01-05T02:00:00.000Z,24.1,55.6
New Delhi-8118,2025-01-05T03:00:00.000Z,24.7,66.8
New Delhi-8118,2025-01-05T04:00:00.000Z,34.0,88.9
New Delhi-8118,2025-01-05T05:00:00.000Z,15.8,44.6
New Delhi-8118,2025-01-05T06:00:00.000Z,9.8,79.2
New Delhi-8118,2025-01-05T07:00:00.000Z,24.4,45.2
New Delhi-8118,2025-01-05T08:00:00.000Z,15.8,51.4
New Delhi-8118,2025-01-05T09:00:00.000Z,31.0,51.5
New Delhi-8118,2025-01-05T10:00:00.000Z,10.1,34.7
New Delhi-8118,2025-01-05T11:00:00.000Z,13.6,34.9
New Delhi-8118,2025-01-05T12:00:00.000Z,15.9,86.4
New Delhi-8118,2025-01-05T13:00:00.000Z,11.3,39.6
New Delhi-8118,2025-01-05T14:00:00.000Z,33.8,82.5
New Delhi-8118,2025-01-05T15:00:00.000Z,16.3,56.1
New Delhi-8118,2025-01-05T16:00:00.000Z,30.4,43.5
New Delhi-8118,2025-01-05T17:00:00.000Z,7.3,61.9
New Delhi-8118,2025-01-05T18:00:00.000Z,10.5,32.7
New Delhi-8118,2025-01-05T19:00:00.000Z,18.9,79.1
New Delhi-8118,2025-01-05T20:00:00.000Z,29.7,77.9
New Delhi-8118,2025-01-05T21:00:00.000Z,21.8,34.8
New Delhi-8118,2025-01-05T22:00:00.000Z,20.1,55.8
New Delhi-8118,2025-01-05T23:00:00.000Z,10.0,35.1
New Delhi-8118,2025-01-06T00:00:00.000Z,30.0,67.2
New Delhi-8118,2025-01-06T01:00:00.000Z,18.6,70.8
New Delhi-8118,2025-01-06T02:00:00.000Z,31.7,38.3
New Delhi-8118,2025-01-06T03:00:00.000Z,12.1,56.2
New Delhi-8118,2025-01-06T04:00:00.000Z,29.8,49.1
New Delhi-8118,2025-01-06T05:00:00.000Z,21.0,68.3
New Delhi-8118,2025-01-06T06:00:00.000Z,34.1,62.2
New Delhi-8118,2025-01-06T07:00:00.000Z,30.7,84.0
New Delhi-8118,2025-01-06T08:00:00.000Z,23.5,62.2
New Delhi-8118,2025-01-06T09:00:00.000Z,12.0,73.4
New Delhi-8118,2025-01-06T10:00:00.000Z,13.6,42.4
New Delhi-8118,2025-01-06T11:00:00.000Z,8.7,40.6
New Delhi-8118,2025-01-06T12:00:00.000Z,17.5,76.4
New Delhi-8118,2025-01-06T13:00:00.000Z,25.4,88.5
New Delhi-8118,2025-01-06T14:00:00.000Z,10.7,42.3
New Delhi-8118,2025-01-06T15:00:00.000Z,25.4,61.3
New Delhi-8118,2025-01-06T16:00:00.000Z,6.3,56.1
New Delhi-8118,2025-01-06T17:00:00.000Z,31.0,43.8
New Delhi-8118,2025-01-06T18:00:00.000Z,24.9,76.6
New Delhi-8118,2025-01-06T19:00:00.000Z,32.0,39.7
New Delhi-8118,2025-01-06T20:00:00.000Z,7.4,37.9
New Delhi-8118,2025-01-06T21:00:00.000Z,35.0,75.3
New Delhi-8118,2025-01-06T22:00:00.000Z,7.2,53.3
New Delhi-8118,2025-01-06T23:00:00.000Z,13.9,37.5
New Delhi-8118,2025-01-07T00:00:00.000Z,9.2,55.9
New Delhi-8118,2025-01-07T01:00:00.000Z,8.4,60.6
New Delhi-8118,2025-01-07T02:00:00.000Z,18.0,49.5
New Delhi-8118,2025-01-07T03:00:00.000Z,28.8,70.2
New Delhi-8118,2025-01-07T04:00:00.000Z,10.7,63.0
New Delhi-8118,2025-01-07T05:00:00.000Z,18.6,33.5
New Delhi-8118,2025-01-07T06:00:00.000Z,26.0,58.3
New Delhi-8118,2025-01-07T07:00:00.000Z,18.5,75.4
New Delhi-8118,2025-01-07T08:00:00.000Z,23.9,68.0
New Delhi-8118,2025-01-07T09:00:00.000Z,21.1,76.9
New Delhi-8118,2025-01-07T10:00:00.000Z,24.3,72.2
New Delhi-8118,2025-01-07T11:00:00.000Z,29.8,89.8
New Delhi-8118,2025-01-07T12:00:00.000Z,14.7,58.7
New Delhi-8118,2025-01-07T13:00:00.000Z,27.0,57.3
New Delhi-8118,2025-01-07T14:00:00.000Z,19.2,87.2
New Delhi-8118,2025-01-07T15:00:00.000Z,6.4,39.5
New Delhi-8118,2025-01-07T16:00:00.000Z,6.4,35.8
New Delhi-8118,2025-01-07T17:00:00.000Z,26.9,78.6
New Delhi-8118,2025-01-07T18:00:00.000Z,32.8,58.5
New Delhi-8118,2025-01-07T19:00:00.000Z,14.5,68.9
New Delhi-8118,2025-01-07T20:00:00.000Z,34.4,81.1
New Delhi-8118,2025-01-07T21:00:00.000Z,14.4,76.5
New Delhi-8118,2025-01-07T22:00:00.000Z,22.3,49.9
New Delhi-8118,2025-01-07T23:00:00.000Z,5.2,77.3
New Delhi-8118,2025-01-08T00:00:00.000Z,24.3,31.4
New Delhi-8118,2025-01-08T01:00:00.000Z,12.5,52.7
New Delhi-8118,2025-01-08T02:00:00.000Z,34.4,70.1
New Delhi-8118,2025-01-08T03:00:00.000Z,7.1,33.5
New Delhi-8118,2025-01-08T04:00:00.000Z,6.6,31.3
New Delhi-8118,2025-01-08T05:00:00.000Z,9.8,38.8
New Delhi-8118,2025-01-08T06:00:00.000Z,32.5,43.9
New Delhi-8118,2025-01-08T07:00:00.000Z,19.0,55.2
New Delhi-8118,2025-01-08T08:00:00.000Z,9.3,75.7
New Delhi-8118,2025-01-08T09:00:00.000Z,25.5,78.7
New Delhi-8118,2025-01-08T10:00:00.000Z,14.0,77.8
New Delhi-8118,2025-01-08T11:00:00.000Z,9.3,36.4
New Delhi-8118,2025-01-08T12:00:00.000Z,15.2,60.1
New Delhi-8118,2025-01-08T13:00:00.000Z,10.0,75.2
New Delhi-8118,2025-01-08T14:00:00.000Z,22.4,69.5
New Delhi-8118,2025-01-08T15:00:00.000Z,25.9,72.3
New Delhi-8118,2025-01-08T16:00:00.000Z,33.4,56.0
New Delhi-8118,2025-01-08T17:00:00.000Z,29.2,42.1
New Delhi-8118,2025-01-08T18:00:00.000Z,5.3,68.7
New Delhi-8118,2025-01-08T19:00:00.000Z,9.8,65.0
New Delhi-8118,2025-01-08T20:00:00.000Z,22.8,78.6
New Delhi-8118,2025-01-08T21:00:00.000Z,32.1,84.7
New Delhi-8118,2025-01-08T22:00:00.000Z,26.1,32.7
New Delhi-8118,2025-01-08T23:00:00.000Z,10.1,63.5
New Delhi-8118,2025-01-09T00:00:00.000Z,11.9,54.4
New Delhi-8118,2025-01-09T01:00:00.000Z,7.7,48.8
New Delhi-8118,2025-01-09T02:00:00.000Z,25.9,33.5
New Delhi-8118,2025-01-09T03:00:00.000Z,20.5,82.5
New Delhi-8118,2025-01-09T04:00:00.000Z,8.9,70.3
New Delhi-8118,2025-01-09T05:00:00.000Z,27.4,77.5
New Delhi-8118,2025-01-09T06:00:00.000Z,13.2,77.8
New Delhi-8118,2025-01-09T07:00:00.000Z,16.5,71.7
New Delhi-8118,2025-01-09T08:00:00.000Z,11.7,56.5
New Delhi-8118,2025-01-09T09:00:00.000Z,31.2,38.5
New Delhi-8118,2025-01-09T10:00:00.000Z,21.4,76.9
New Delhi-8118,2025-01-09T11:00:00.000Z,31.8,44.6
New Delhi-8118,2025-01-09T12:00:00.000Z,17.8,59.4
New Delhi-8118,2025-01-09T13:00:00.000Z,27.7,42.2
New Delhi-8118,2025-01-09T14:00:00.000Z,10.0,69.6
New Delhi-8118,2025-01-09T15:00:00.000Z,9.2,46.3
New Delhi-8118,2025-01-09T16:00:00.000Z,7.7,43.5
New Delhi-8118,2025-01-09T17:00:00.000Z,29.7,32.6
New Delhi-8118,2025-01-09T18:00:00.000Z,32.3,64.5
New Delhi-8118,2025-01-09T19:00:00.000Z,24.5,47.1
New Delhi-8118,2025-01-09T20:00:00.000Z,20.7,53.0
New Delhi-8118,2025-01-09T21:00:00.000Z,5.2,79.3
New Delhi-8118,2025-01-09T22:00:00.000Z,23.9,38.2
New Delhi-8118,2025-01-09T23:00:00.000Z,16.6,63.1
New Delhi-8118,2025-01-10T00:00:00.000Z,26.2,87.3
New Delhi-8118,2025-01-10T01:00:00.000Z,33.2,53.7
New Delhi-8118,2025-01-10T02:00:00.000Z,28.6,66.6
New Delhi-8118,2025-01-10T03:00:00.000Z,14.6,61.7
New Delhi-8118,2025-01-10T04:00:00.000Z,9.5,85.2
New Delhi-8118,2025-01-10T05:00:00.000Z,24.0,50.8
New Delhi-8118,2025-01-10T06:00:00.000Z,17.7,64.4
New Delhi-8118,2025-01-10T07:00:00.000Z,8.8,35.8
New Delhi-8118,2025-01-10T08:00:00.000Z,6.0,78.7
New Delhi-8118,2025-01-10T09:00:00.000Z,18.0,70.2
New Delhi-8118,2025-01-10T10:00:00.000Z,14.3,33.5
New Delhi-8118,2025-01-10T11:00:00.000Z,18.7,69.2
New Delhi-8118,2025-01-10T12:00:00.000Z,25.9,52.3
New Delhi-8118,2025-01-10T13:00:00.000Z,6.9,81.1
New Delhi-8118,2025-01-10T14:00:00.000Z,17.7,66.7
New Delhi-8118,2025-01-10T15:00:00.000Z,24.8,48.4
New Delhi-8118,2025-01-10T16:00:00.000Z,13.6,51.5
New Delhi-8118,2025-01-10T17:00:00.000Z,34.0,37.9
New Delhi-8118,2025-01-10T18:00:00.000Z,14.4,40.1
New Delhi-8118,2025-01-10T19:00:00.000Z,9.9,51.3
New Delhi-8118,2025-01-10T20:00:00.000Z,16.0,76.8
New Delhi-8118,2025-01-10T21:00:00.000Z,27.8,50.7
New Delhi-8118,2025-01-10T22:00:00.000Z,27.6,86.3
New Delhi-8118,2025-01-10T23:00:00.000Z,11.1,63.2
New Delhi-8118,2025-01-11T00:00:00.000Z,31.7,77.3
New Delhi-8118,2025-01-11T01:00:00.000Z,14.7,83.4
New Delhi-8118,2025-01-11T02:00:00.000Z,34.1,77.5
New Delhi-8118,2025-01-11T03:00:00.000Z,20.7,63.9
New Delhi-8118,2025-01-11T04:00:00.000Z,20.1,46.4
New Delhi-8118,2025-01-11T05:00:00.000Z,24.2,40.0
New Delhi-8118,2025-01-11T06:00:00.000Z,27.1,53.1
New Delhi-8118,2025-01-11T07:00:00.000Z,16.4,60.5
New Delhi-8118,2025-01-11T08:00:00.000Z,9.1,68.5
New Delhi-8118,2025-01-11T09:00:00.000Z,5.4,47.9
New Delhi-8118,2025-01-11T10:00:00.000Z,24.2,80.0
New Delhi-8118,2025-01-11T11:00:00.000Z,22.2,60.0
New Delhi-8118,2025-01-11T12:00:00.000Z,34.5,68.0
New Delhi-8118,2025-01-11T13:00:00.000Z,13.3,74.3
New Delhi-8118,2025-01-11T14:00:00.000Z,8.3,82.0
New Delhi-8118,2025-01-11T15:00:00.000Z,24.2,42.8
New Delhi-8118,2025-01-11T16:00:00.000Z,8.8,31.4
New Delhi-8118,2025-01-11T17:00:00.000Z,15.5,36.9
New Delhi-8118,2025-01-11T18:00:00.000Z,31.9,60.5
New Delhi-8118,2025-01-11T19:00:00.000Z,14.1,30.2
New Delhi-8118,2025-01-11T20:00:00.000Z,13.0,39.8
New Delhi-8118,2025-01-11T21:00:00.000Z,26.2,45.4
New Delhi-8118,2025-01-11T22:00:00.000Z,5.6,40.4
New Delhi-8118,2025-01-11T23:00:00.000Z,15.4,42.7
New Delhi-8118,2025-01-12T00:00:00.000Z,10.9,66.8
New Delhi-8118,2025-01-12T01:00:00.000Z,6.3,83.4
New Delhi-8118,2025-01-12T02:00:00.000Z,18.4,41.8
New Delhi-8118,2025-01-12T03:00:00.000Z,29.5,65.6
New Delhi-8118,2025-01-12T04:00:00.000Z,7.5,57.0
New Delhi-8118,2025-01-12T05:00:00.000Z,32.2,47.0
New Delhi-8118,2025-01-12T06:00:00.000Z,32.6,41.9
New Delhi-8118,2025-01-12T07:00:00.000Z,26.3,71.8
New Delhi-8118,2025-01-12T08:00:00.000Z,33.4,69.8
New Delhi-8118,2025-01-12T09:00:00.000Z,31.7,37.7
New Delhi-8118,2025-01-12T10:00:00.000Z,22.5,65.0
New Delhi-8118,2025-01-12T11:00:00.000Z,26.8,79.4
New Delhi-8118,2025-01-12T12:00:00.000Z,32.9,41.1
New Delhi-8118,2025-01-12T13:00:00.000Z,18.6,41.4
New Delhi-8118,2025-01-12T14:00:00.000Z,15.8,30.0
New Delhi-8118,2025-01-12T15:00:00.000Z,22.7,62.9
New Delhi-8118,2025-01-12T16:00:00.000Z,24.8,56.9
New Delhi-8118,2025-01-12T17:00:00.000Z,26.4,77.4
New Delhi-8118,2025-01-12T18:00:00.000Z,6.9,40.8
New Delhi-8118,2025-01-12T19:00:00.000Z,33.6,60.6
New Delhi-8118,2025-01-12T20:00:00.000Z,20.3,34.5
New Delhi-8118,2025-01-12T21:00:00.000Z,11.9,55.3
New Delhi-8118,2025-01-12T22:00:00.000Z,19.3,79.9
New Delhi-8118,2025-01-12T23:00:00.000Z,13.6,35.4
New Delhi-8118,2025-01-13T00:00:00.000Z,33.8,38.3
New Delhi-8118,2025-01-13T01:00:00.000Z,18.9,81.6
New Delhi-8118,2025-01-13T02:00:00.000Z,9.6,50.0
New Delhi-8118,2025-01-13T03:00:00.000Z,17.8,52.1
New Delhi-8118,2025-01-13T04:00:00.000Z,6.2,69.2
New Delhi-8118,2025-01-13T05:00:00.000Z,10.7,78.4
New Delhi-8118,2025-01-13T06:00:00.000Z,33.0,72.8
New Delhi-8118,2025-01-13T07:00:00.000Z,12.5,78.9
New Delhi-8118,2025-01-13T08:00:00.000Z,22.3,66.5
New Delhi-8118,2025-01-13T09:00:00.000Z,7.7,30.2
New Delhi-8118,2025-01-13T10:00:00.000Z,26.9,75.0
New Delhi-8118,2025-01-13T11:00:00.000Z,15.3,32.7
New Delhi-8118,2025-01-13T12:00:00.000Z,14.6,55.8
New Delhi-8118,2025-01-13T13:00:00.000Z,6.9,55.3
New Delhi-8118,2025-01-13T14:00:00.000Z,8.1,73.5
New Delhi-8118,2025-01-13T15:00:00.000Z,13.4,63.8
New Delhi-8118,2025-01-13T16:00:00.000Z,15.0,64.9
New Delhi-8118,2025-01-13T17:00:00.000Z,6.7,63.1
New Delhi-8118,2025-01-13T18:00:00.000Z,18.0,74.6
New Delhi-8118,2025-01-13T19:00:00.000Z,16.9,40.9
New Delhi-8118,2025-01-13T20:00:00.000Z,10.8,53.1
New Delhi-8118,2025-01-13T21:00:00.000Z,34.9,86.3
New Delhi-8118,2025-01-13T22:00:00.000Z,5.7,67.0
New Delhi-8118,2025-01-13T23:00:00.000Z,30.4,66.7
New Delhi-8118,2025-01-14T00:00:00.000Z,32.7,70.4
New Delhi-8118,2025-01-14T01:00:00.000Z,12.3,63.2
New Delhi-8118,2025-01-14T02:00:00.000Z,5.4,38.9
New Delhi-8118,2025-01-14T03:00:00.000Z,29.2,48.6
New Delhi-8118,2025-01-14T04:00:00.000Z,9.6,62.2
New Delhi-8118,2025-01-14T05:00:00.000Z,24.2,44.0
New Delhi-8118,2025-01-14T06:00:00.000Z,26.7,87.3
New Delhi-8118,2025-01-14T07:00:00.000Z,18.3,88.3
New Delhi-8118,2025-01-14T08:00:00.000Z,15.5,78.0
New Delhi-8118,2025-01-14T09:00:00.000Z,11.5,47.0
New Delhi-8118,2025-01-14T10:00:00.000Z,11.2,41.2
New Delhi-8118,2025-01-14T11:00:00.000Z,16.7,79.9
New Delhi-8118,2025-01-14T12:00:00.000Z,17.7,49.0
New Delhi-8118,2025-01-14T13:00:00.000Z,5.6,66.5
New Delhi-8118,2025-01-14T14:00:00.000Z,9.3,39.4
New Delhi-8118,2025-01-14T15:00:00.000Z,16.9,52.0
New Delhi-8118,2025-01-14T16:00:00.000Z,30.1,54.0
New Delhi-8118,2025-01-14T17:00:00.000Z,35.0,69.7
New Delhi-8118,2025-01-14T18:00:00.000Z,29.7,47.6
New Delhi-8118,2025-01-14T19:00:00.000Z,20.4,79.6
New Delhi-8118,2025-01-14T20:00:00.000Z,28.1,83.1
New Delhi-8118,2025-01-14T21:00:00.000Z,23.9,46.2
New Delhi-8118,2025-01-14T22:00:00.000Z,18.9,80.3
New Delhi-8118,2025-01-14T23:00:00.000Z,10.1,37.4
New Delhi-8118,2025-01-15T00:00:00.000Z,31.1,64.3
New Delhi-8118,2025-01-15T01:00:00.000Z,5.5,30.2
New Delhi-8118,2025-01-15T02:00:00.000Z,25.1,42.4
New Delhi-8118,2025-01-15T03:00:00.000Z,34.6,84.2
New Delhi-8118,2025-01-15T04:00:00.000Z,18.1,32.4
New Delhi-8118,2025-01-15T05:00:00.000Z,24.2,64.7
New Delhi-8118,2025-01-15T06:00:00.000Z,22.9,68.3
New Delhi-8118,2025-01-15T07:00:00.000Z,11.0,54.9
New Delhi-8118,2025-01-15T08:00:00.000Z,24.2,65.9
New Delhi-8118,2025-01-15T09:00:00.000Z,25.0,76.6
New Delhi-8118,2025-01-15T10:00:00.000Z,7.8,49.0
New Delhi-8118,2025-01-15T11:00:00.000Z,18.9,62.9
New Delhi-8118,2025-01-15T12:00:00.000Z,17.3,41.8
New Delhi-8118,2025-01-15T13:00:00.000Z,24.1,55.4
New Delhi-8118,2025-01-15T14:00:00.000Z,17.1,36.4
New Delhi-8118,2025-01-15T15:00:00.000Z,26.8,39.9
New Delhi-8118,2025-01-15T16:00:00.000Z,20.3,39.9
New Delhi-8118,2025-01-15T17:00:00.000Z,11.9,72.7
New Delhi-8118,2025-01-15T18:00:00.000Z,24.8,33.1
New Delhi-8118,2025-01-15T19:00:00.000Z,14.2,77.2
New Delhi-8118,2025-01-15T20:00:00.000Z,26.7,89.9
New Delhi-8118,2025-01-15T21:00:00.000Z,12.8,54.7
New Delhi-8118,2025-01-15T22:00:00.000Z,32.3,59.0
New Delhi-8118,2025-01-15T23:00:00.000Z,33.2,87.3
New Delhi-8118,2025-01-16T00:00:00.000Z,28.0,38.9
New Delhi-8118,2025-01-16T01:00:00.000Z,34.7,88.9
New Delhi-8118,2025-01-16T02:00:00.000Z,8.9,50.6
New Delhi-8118,2025-01-16T03:00:00.000Z,8.3,64.0
New Delhi-8118,2025-01-16T04:00:00.000Z,7.8,35.1
New Delhi-8118,2025-01-16T05:00:00.000Z,20.1,69.0
New Delhi-8118,2025-01-16T06:00:00.000Z,13.4,57.5
New Delhi-8118,2025-01-16T07:00:00.000Z,28.7,32.0
New Delhi-8118,2025-01-16T08:00:00.000Z,7.9,66.7
New Delhi-8118,2025-01-16T09:00:00.000Z,28.6,34.6
New Delhi-8118,2025-01-16T10:00:00.000Z,18.1,88.8
New Delhi-8118,2025-01-16T11:00:00.000Z,33.0,32.2
New Delhi-8118,2025-01-16T12:00:00.000Z,7.3,63.5
New Delhi-8118,2025-01-16T13:00:00.000Z,21.8,63.7
New Delhi-8118,2025-01-16T14:00:00.000Z,16.3,60.5
New Delhi-8118,2025-01-16T15:00:00.000Z,7.8,32.6
New Delhi-8118,2025-01-16T16:00:00.000Z,23.2,84.6
New Delhi-8118,2025-01-16T17:00:00.000Z,34.2,58.4
New Delhi-8118,2025-01-16T18:00:00.000Z,7.6,33.9
New Delhi-8118,2025-01-16T19:00:00.000Z,17.0,69.5
New Delhi-8118,2025-01-16T20:00:00.000Z,31.6,60.4
New Delhi-8118,2025-01-16T21:00:00.000Z,33.1,80.3
New Delhi-8118,2025-01-16T22:00:00.000Z,18.4,39.8
New Delhi-8118,2025-01-16T23:00:00.000Z,7.5,50.4
New Delhi-8118,2025-01-17T00:00:00.000Z,16.4,56.7
New Delhi-8118,2025-01-17T01:00:00.000Z,14.7,35.8
New Delhi-8118,2025-01-17T02:00:00.000Z,30.3,57.7
New Delhi-8118,2025-01-17T03:00:00.000Z,9.8,81.7
New Delhi-8118,2025-01-17T04:00:00.000Z,28.1,81.1
New Delhi-8118,2025-01-17T05:00:00.000Z,21.4,53.7
New Delhi-8118,2025-01-17T06:00:00.000Z,21.1,35.8
New Delhi-8118,2025-01-17T07:00:00.000Z,6.6,77.5
New Delhi-8118,2025-01-17T08:00:00.000Z,13.4,86.2
New Delhi-8118,2025-01-17T09:00:00.000Z,13.4,51.5
New Delhi-8118,2025-01-17T10:00:00.000Z,23.9,61.8
New Delhi-8118,2025-01-17T11:00:00.000Z,5.1,62.7
New Delhi-8118,2025-01-17T12:00:00.000Z,11.7,72.7
New Delhi-8118,2025-01-17T13:00:00.000Z,33.1,41.7
New Delhi-8118,2025-01-17T14:00:00.000Z,34.7,68.0
New Delhi-8118,2025-01-17T15:00:00.000Z,12.1,66.8
New Delhi-8118,2025-01-17T16:00:00.000Z,13.6,43.5
New Delhi-8118,2025-01-17T17:00:00.000Z,24.6,89.1
New Delhi-8118,2025-01-17T18:00:00.000Z,17.5,65.5
New Delhi-8118,2025-01-17T19:00:00.000Z,13.3,79.9
New Delhi-8118,2025-01-17T20:00:00.000Z,12.7,88.9
New Delhi-8118,2025-01-17T21:00:00.000Z,21.6,62.3
New Delhi-8118,2025-01-17T22:00:00.000Z,29.2,42.3
New Delhi-8118,2025-01-17T23:00:00.000Z,30.9,48.2
New Delhi-8118,2025-01-18T00:00:00.000Z,12.5,85.1
New Delhi-8118,2025-01-18T01:00:00.000Z,12.5,79.0
New Delhi-8118,2025-01-18T02:00:00.000Z,8.9,33.4
New Delhi-8118,2025-01-18T03:00:00.000Z,21.3,66.0
New Delhi-8118,2025-01-18T04:00:00.000Z,32.7,59.1
New Delhi-8118,2025-01-18T05:00:00.000Z,8.9,69.6
New Delhi-8118,2025-01-18T06:00:00.000Z,15.3,79.1
New Delhi-8118,2025-01-18T07:00:00.000Z,20.4,80.9
New Delhi-8118,2025-01-18T08:00:00.000Z,30.5,80.5
New Delhi-8118,2025-01-18T09:00:00.000Z,19.0,50.9
New Delhi-8118,2025-01-18T10:00:00.000Z,7.9,53.6
New Delhi-8118,2025-01-18T11:00:00.000Z,29.3,89.2
New Delhi-8118,2025-01-18T12:00:00.000Z,28.8,89.7
New Delhi-8118,2025-01-18T13:00:00.000Z,12.5,77.2
New Delhi-8118,2025-01-18T14:00:00.000Z,21.5,83.0
New Delhi-8118,2025-01-18T15:00:00.000Z,10.6,89.7
New Delhi-8118,2025-01-18T16:00:00.000Z,5.5,31.9
New Delhi-8118,2025-01-18T17:00:00.000Z,9.2,38.5
New Delhi-8118,2025-01-18T18:00:00.000Z,11.9,49.0
New Delhi-8118,2025-01-18T19:00:00.000Z,27.5,75.7
New Delhi-8118,2025-01-18T20:00:00.000Z,31.4,61.1
New Delhi-8118,2025-01-18T21:00:00.000Z,19.8,66.4
New Delhi-8118,2025-01-18T22:00:00.000Z,28.5,59.9
New Delhi-8118,2025-01-18T23:00:00.000Z,6.0,47.2
New Delhi-8118,2025-01-19T00:00:00.000Z,18.3,35.8
New Delhi-8118,2025-01-19T01:00:00.000Z,16.1,38.7
New Delhi-8118,2025-01-19T02:00:00.000Z,5.0,46.0
New Delhi-8118,2025-01-19T03:00:00.000Z,17.6,73.9
New Delhi-8118,2025-01-19T04:00:00.000Z,9.2,75.4
New Delhi-8118,2025-01-19T05:00:00.000Z,32.0,35.5
New Delhi-8118,2025-01-19T06:00:00.000Z,21.6,76.8
New Delhi-8118,2025-01-19T07:00:00.000Z,17.7,84.8
New Delhi-8118,2025-01-19T08:00:00.000Z,33.1,58.1
New Delhi-8118,2025-01-19T09:00:00.000Z,28.7,77.1
New Delhi-8118,2025-01-19T10:00:00.000Z,12.2,88.9
New Delhi-8118,2025-01-19T11:00:00.000Z,29.6,87.7
New Delhi-8118,2025-01-19T12:00:00.000Z,7.4,55.2
New Delhi-8118,2025-01-19T13:00:00.000Z,9.8,46.7
New Delhi-8118,2025-01-19T14:00:00.000Z,30.2,56.3
New Delhi-8118,2025-01-19T15:00:00.000Z,34.5,52.6
New Delhi-8118,2025-01-19T16:00:00.000Z,32.6,44.5
New Delhi-8118,2025-01-19T17:00:00.000Z,10.5,39.4
New Delhi-8118,2025-01-19T18:00:00.000Z,19.3,69.5
New Delhi-8118,2025-01-19T19:00:00.000Z,18.0,77.9
New Delhi-8118,2025-01-19T20:00:00.000Z,19.9,53.6
New Delhi-8118,2025-01-19T21:00:00.000Z,28.8,40.7
New Delhi-8118,2025-01-19T22:00:00.000Z,9.7,55.9
New Delhi-8118,2025-01-19T23:00:00.000Z,17.0,42.2
New Delhi-8118,2025-01-20T00:00:00.000Z,22.6,55.5
New Delhi-8118,2025-01-20T01:00:00.000Z,7.5,45.9
New Delhi-8118,2025-01-20T02:00:00.000Z,10.1,36.2
New Delhi-8118,2025-01-20T03:00:00.000Z,15.5,37.7
New Delhi-8118,2025-01-20T04:00:00.000Z,8.5,39.0
New Delhi-8118,2025-01-20T05:00:00.000Z,23.4,59.5
New Delhi-8118,2025-01-20T06:00:00.000Z,30.4,89.9
New Delhi-8118,2025-01-20T07:00:00.000Z,20.7,44.0
New Delhi-8118,2025-01-20T08:00:00.000Z,15.1,79.5
New Delhi-8118,2025-01-20T09:00:00.000Z,8.8,54.2
New Delhi-8118,2025-01-20T10:00:00.000Z,15.8,34.5
New Delhi-8118,2025-01-20T11:00:00.000Z,19.4,85.4
New Delhi-8118,2025-01-20T12:00:00.000Z,29.8,64.9
New Delhi-8118,2025-01-20T13:00:00.000Z,15.8,63.3
New Delhi-8118,2025-01-20T14:00:00.000Z,11.0,53.5
New Delhi-8118,2025-01-20T15:00:00.000Z,17.6,49.3
New Delhi-8118,2025-01-20T16:00:00.000Z,5.3,58.8
New Delhi-8118,2025-01-20T17:00:00.000Z,25.6,51.6
New Delhi-8118,2025-01-20T18:00:00.000Z,16.7,61.7
New Delhi-8118,2025-01-20T19:00:00.000Z,26.1,62.4
New Delhi-8118,2025-01-20T20:00:00.000Z,26.1,50.2
New Delhi-8118,2025-01-20T21:00:00.000Z,33.7,84.8
New Delhi-8118,2025-01-20T22:00:00.000Z,26.4,87.7
New Delhi-8118,2025-01-20T23:00:00.000Z,24.6,73.1
New Delhi-8118,2025-01-21T00:00:00.000Z,21.9,54.6
New Delhi-8118,2025-01-21T01:00:00.000Z,25.1,35.7
New Delhi-8118,2025-01-21T02:00:00.000Z,29.6,73.6
New Delhi-8118,2025-01-21T03:00:00.000Z,6.1,44.2
New Delhi-8118,2025-01-21T04:00:00.000Z,5.1,59.9
New Delhi-8118,2025-01-21T05:00:00.000Z,20.7,45.6
New Delhi-8118,2025-01-21T06:00:00.000Z,25.3,53.6
New Delhi-8118,2025-01-21T07:00:00.000Z,27.3,82.7
New Delhi-8118,2025-01-21T08:00:00.000Z,5.7,66.8
New Delhi-8118,2025-01-21T09:00:00.000Z,25.6,64.1
New Delhi-8118,2025-01-21T10:00:00.000Z,12.7,37.2
New Delhi-8118,2025-01-21T11:00:00.000Z,34.2,46.1
New Delhi-8118,2025-01-21T12:00:00.000Z,26.3,53.7
New Delhi-8118,2025-01-21T13:00:00.000Z,26.3,63.3
New Delhi-8118,2025-01-21T14:00:00.000Z,33.2,71.4
New Delhi-8118,2025-01-21T15:00:00.000Z,21.5,52.0
New Delhi-8118,2025-01-21T16:00:00.000Z,32.9,50.7
New Delhi-8118,2025-01-21T17:00:00.000Z,25.3,75.7
New Delhi-8118,2025-01-21T18:00:00.000Z,5.2,51.7
New Delhi-8118,2025-01-21T19:00:00.000Z,33.7,37.2
New Delhi-8118,2025-01-21T20:00:00.000Z,27.1,58.3
New Delhi-8118,2025-01-21T21:00:00.000Z,13.5,33.4
New Delhi-8118,2025-01-21T22:00:00.000Z,9.5,76.8
New Delhi-8118,2025-01-21T23:00:00.000Z,8.2,76.9
New Delhi-8118,2025-01-22T00:00:00.000Z,24.7,32.7
New Delhi-8118,2025-01-22T01:00:00.000Z,19.3,35.0
New Delhi-8118,2025-01-22T02:00:00.000Z,6.6,46.9
New Delhi-8118,2025-01-22T03:00:00.000Z,27.1,69.8
New Delhi-8118,2025-01-22T04:00:00.000Z,6.1,48.6
New Delhi-8118,2025-01-22T05:00:00.000Z,24.1,86.2
New Delhi-8118,2025-01-22T06:00:00.000Z,8.8,72.2
New Delhi-8118,2025-01-22T07:00:00.000Z,11.0,43.5
New Delhi-8118,2025-01-22T08:00:00.000Z,16.5,72.9
New Delhi-8118,2025-01-22T09:00:00.000Z,27.0,85.6
New Delhi-8118,2025-01-22T10:00:00.000Z,12.1,73.2
New Delhi-8118,2025-01-22T11:00:00.000Z,9.3,72.1
New Delhi-8118,2025-01-22T12:00:00.000Z,17.9,41.3
New Delhi-8118,2025-01-22T13:00:00.000Z,23.5,80.4
New Delhi-8118,2025-01-22T14:00:00.000Z,15.5,40.6
New Delhi-8118,2025-01-22T15:00:00.000Z,12.4,56.1
New Delhi-8118,2025-01-22T16:00:00.000Z,24.3,70.7
New Delhi-8118,2025-01-22T17:00:00.000Z,33.3,53.9
New Delhi-8118,2025-01-22T18:00:00.000Z,24.9,72.1
New Delhi-8118,2025-01-22T19:00:00.000Z,9.5,57.5
New Delhi-8118,2025-01-22T20:00:00.000Z,13.5,57.3
New Delhi-8118,2025-01-22T21:00:00.000Z,30.7,82.5
New Delhi-8118,2025-01-22T22:00:00.000Z,13.2,36.4
New Delhi-8118,2025-01-22T23:00:00.000Z,20.5,64.6
New Delhi-8118,2025-01-23T00:00:00.000Z,14.5,32.0
New Delhi-8118,2025-01-23T01:00:00.000Z,17.8,41.3
New Delhi-8118,2025-01-23T02:00:00.000Z,19.9,47.8
New Delhi-8118,2025-01-23T03:00:00.000Z,20.3,80.5
New Delhi-8118,2025-01-23T04:00:00.000Z,5.9,83.9
New Delhi-8118,2025-01-23T05:00:00.000Z,5.7,30.7
New Delhi-8118,2025-01-23T06:00:00.000Z,14.4,80.1
New Delhi-8118,2025-01-23T07:00:00.000Z,23.4,35.0
New Delhi-8118,2025-01-23T08:00:00.000Z,24.8,77.6
New Delhi-8118,2025-01-23T09:00:00.000Z,17.2,64.7
New Delhi-8118,2025-01-23T10:00:00.000Z,31.6,56.3
New Delhi-8118,2025-01-23T11:00:00.000Z,34.2,59.9
New Delhi-8118,2025-01-23T12:00:00.000Z,7.7,45.1
New Delhi-8118,2025-01-23T13:00:00.000Z,25.5,74.6
New Delhi-8118,2025-01-23T14:00:00.000Z,21.3,60.9
New Delhi-8118,2025-01-23T15:00:00.000Z,14.6,51.4
New Delhi-8118,2025-01-23T16:00:00.000Z,14.2,74.2
New Delhi-8118,2025-01-23T17:00:00.000Z,23.0,52.2
New Delhi-8118,2025-01-23T18:00:00.000Z,30.6,49.9
New Delhi-8118,2025-01-23T19:00:00.000Z,23.2,69.1
New Delhi-8118,2025-01-23T20:00:00.000Z,11.0,44.4
New Delhi-8118,2025-01-23T21:00:00.000Z,31.8,37.3
New Delhi-8118,2025-01-23T22:00:00.000Z,15.7,43.5
New Delhi-8118,2025-01-23T23:00:00.000Z,5.9,31.1
New Delhi-8118,2025-01-24T00:00:00.000Z,13.0,87.2
New Delhi-8118,2025-01-24T01:00:00.000Z,11.8,75.0
New Delhi-8118,2025-01-24T02:00:00.000Z,15.8,48.9
New Delhi-8118,2025-01-24T03:00:00.000Z,19.2,83.2
New Delhi-8118,2025-01-24T04:00:00.000Z,31.4,72.0
New Delhi-8118,2025-01-24T05:00:00.000Z,25.9,53.1
New Delhi-8118,2025-01-24T06:00:00.000Z,28.3,56.6
New Delhi-8118,2025-01-24T07:00:00.000Z,34.7,82.7
New Delhi-8118,2025-01-24T08:00:00.000Z,7.8,53.1
New Delhi-8118,2025-01-24T09:00:00.000Z,20.0,82.3
New Delhi-8118,2025-01-24T10:00:00.000Z,26.2,58.0
New Delhi-8118,2025-01-24T11:00:00.000Z,10.0,87.8
New Delhi-8118,2025-01-24T12:00:00.000Z,19.9,50.1
New Delhi-8118,2025-01-24T13:00:00.000Z,7.6,54.9
New Delhi-8118,2025-01-24T14:00:00.000Z,23.3,60.9
New Delhi-8118,2025-01-24T15:00:00.000Z,30.6,88.5
New Delhi-8118,2025-01-24T16:00:00.000Z,18.5,73.1
New Delhi-8118,2025-01-24T17:00:00.000Z,19.9,63.8
New Delhi-8118,2025-01-24T18:00:00.000Z,28.0,36.2
New Delhi-8118,2025-01-24T19:00:00.000Z,9.5,87.6
New Delhi-8118,2025-01-24T20:00:00.000Z,5.3,30.5
New Delhi-8118,2025-01-24T21:00:00.000Z,30.2,85.1
New Delhi-8118,2025-01-24T22:00:00.000Z,20.0,31.9
New Delhi-8118,2025-01-24T23:00:00.000Z,9.7,40.6
New Delhi-8118,2025-01-25T00:00:00.000Z,10.9,32.2
New Delhi-8118,2025-01-25T01:00:00.000Z,11.4,72.4
New Delhi-8118,2025-01-25T02:00:00.000Z,21.3,66.0
New Delhi-8118,2025-01-25T03:00:00.000Z,7.4,31.1
New Delhi-8118,2025-01-25T04:00:00.000Z,24.7,56.6
New Delhi-8118,2025-01-25T05:00:00.000Z,5.2,57.7
New Delhi-8118,2025-01-25T06:00:00.000Z,11.6,85.0
New Delhi-8118,2025-01-25T07:00:00.000Z,18.9,40.6
New Delhi-8118,2025-01-25T08:00:00.000Z,9.3,54.8
New Delhi-8118,2025-01-25T09:00:00.000Z,32.8,70.8
New Delhi-8118,2025-01-25T10:00:00.000Z,11.4,87.7
New Delhi-8118,2025-01-25T11:00:00.000Z,11.0,68.0
New Delhi-8118,2025-01-25T12:00:00.000Z,12.4,77.3
New Delhi-8118,2025-01-25T13:00:00.000Z,32.0,67.4
New Delhi-8118,2025-01-25T14:00:00.000Z,31.6,73.9
New Delhi-8118,2025-01-25T15:00:00.000Z,15.1,62.8
New Delhi-8118,2025-01-25T16:00:00.000Z,33.3,76.8
New Delhi-8118,2025-01-25T17:00:00.000Z,26.4,53.5
New Delhi-8118,2025-01-25T18:00:00.000Z,14.1,70.5
New Delhi-8118,2025-01-25T19:00:00.000Z,19.0,83.3
New Delhi-8118,2025-01-25T20:00:00.000Z,15.3,57.0
New Delhi-8118,2025-01-25T21:00:00.000Z,27.3,52.3
New Delhi-8118,2025-01-25T22:00:00.000Z,34.6,49.4
New Delhi-8118,2025-01-25T23:00:00.000Z,21.2,69.3
New Delhi-8118,2025-01-26T00:00:00.000Z,18.5,79.5
New Delhi-8118,2025-01-26T01:00:00.000Z,30.1,46.7
New Delhi-8118,2025-01-26T02:00:00.000Z,24.4,80.6
New Delhi-8118,2025-01-26T03:00:00.000Z,29.8,88.6
New Delhi-8118,2025-01-26T04:00:00.000Z,30.3,61.9
New Delhi-8118,2025-01-26T05:00:00.000Z,14.9,39.6
New Delhi-8118,2025-01-26T06:00:00.000Z,28.3,71.7
New Delhi-8118,2025-01-26T07:00:00.000Z,15.1,58.7
New Delhi-8118,2025-01-26T08:00:00.000Z,14.3,44.3
New Delhi-8118,2025-01-26T09:00:00.000Z,23.2,60.2
New Delhi-8118,2025-01-26T10:00:00.000Z,27.8,57.0
New Delhi-8118,2025-01-26T11:00:00.000Z,20.5,62.3
New Delhi-8118,2025-01-26T12:00:00.000Z,16.2,73.0
New Delhi-8118,2025-01-26T13:00:00.000Z,17.5,32.1
New Delhi-8118,2025-01-26T14:00:00.000Z,14.5,62.8
New Delhi-8118,2025-01-26T15:00:00.000Z,9.1,51.4
New Delhi-8118,2025-01-26T16:00:00.000Z,27.8,38.8
New Delhi-8118,2025-01-26T17:00:00.000Z,24.0,88.2
New Delhi-8118,2025-01-26T18:00:00.000Z,27.0,36.6
New Delhi-8118,2025-01-26T19:00:00.000Z,31.7,74.4
New Delhi-8118,2025-01-26T20:00:00.000Z,28.0,89.1
New Delhi-8118,2025-01-26T21:00:00.000Z,28.8,53.9
New Delhi-8118,2025-01-26T22:00:00.000Z,28.4,87.3
New Delhi-8118,2025-01-26T23:00:00.000Z,27.7,40.1
New Delhi-8118,2025-01-27T00:00:00.000Z,33.3,34.4
New Delhi-8118,2025-01-27T01:00:00.000Z,6.3,35.1
New Delhi-8118,2025-01-27T02:00:00.000Z,13.5,39.3
New Delhi-8118,2025-01-27T03:00:00.000Z,23.6,38.2
New Delhi-8118,2025-01-27T04:00:00.000Z,27.7,83.8
New Delhi-8118,2025-01-27T05:00:00.000Z,19.2,50.1
New Delhi-8118,2025-01-27T06:00:00.000Z,13.2,36.0
New Delhi-8118,2025-01-27T07:00:00.000Z,11.9,32.3
New Delhi-8118,2025-01-27T08:00:00.000Z,21.8,38.3
New Delhi-8118,2025-01-27T09:00:00.000Z,30.0,38.3
New Delhi-8118,2025-01-27T10:00:00.000Z,33.6,76.8
New Delhi-8118,2025-01-27T11:00:00.000Z,11.8,31.2
New Delhi-8118,2025-01-27T12:00:00.000Z,27.7,88.4
New Delhi-8118,2025-01-27T13:00:00.000Z,16.1,78.7
New Delhi-8118,2025-01-27T14:00:00.000Z,30.2,87.1
New Delhi-8118,2025-01-27T15:00:00.000Z,18.5,42.0
New Delhi-8118,2025-01-27T16:00:00.000Z,26.3,77.2
New Delhi-8118,2025-01-27T17:00:00.000Z,27.8,47.2
New Delhi-8118,2025-01-27T18:00:00.000Z,27.9,85.6
New Delhi-8118,2025-01-27T19:00:00.000Z,18.7,82.4
New Delhi-8118,2025-01-27T20:00:00.000Z,29.6,49.2
New Delhi-8118,2025-01-27T21:00:00.000Z,34.4,64.1
New Delhi-8118,2025-01-27T22:00:00.000Z,24.5,53.8
New Delhi-8118,2025-01-27T23:00:00.000Z,18.8,38.4
New Delhi-8118,2025-01-28T00:00:00.000Z,11.7,68.6
New Delhi-8118,2025-01-28T01:00:00.000Z,12.1,81.6
New Delhi-8118,2025-01-28T02:00:00.000Z,22.3,85.6
New Delhi-8118,2025-01-28T03:00:00.000Z,33.4,45.8
New Delhi-8118,2025-01-28T04:00:00.000Z,29.4,67.8
New Delhi-8118,2025-01-28T05:00:00.000Z,18.8,56.9
New Delhi-8118,2025-01-28T06:00:00.000Z,19.8,75.2
New Delhi-8118,2025-01-28T07:00:00.000Z,5.7,31.9
New Delhi-8118,2025-01-28T08:00:00.000Z,17.8,43.2
New Delhi-8118,2025-01-28T09:00:00.000Z,18.1,50.8
New Delhi-8118,2025-01-28T10:00:00.000Z,32.9,73.4
New Delhi-8118,2025-01-28T11:00:00.000Z,11.7,55.1
New Delhi-8118,2025-01-28T12:00:00.000Z,23.6,68.0
New Delhi-8118,2025-01-28T13:00:00.000Z,29.7,52.0
New Delhi-8118,2025-01-28T14:00:00.000Z,9.4,32.5
New Delhi-8118,2025-01-28T15:00:00.000Z,20.9,79.0
New Delhi-8118,2025-01-28T16:00:00.000Z,30.2,68.2
New Delhi-8118,2025-01-28T17:00:00.000Z,16.7,70.2
New Delhi-8118,2025-01-28T18:00:00.000Z,6.2,77.7
New Delhi-8118,2025-01-28T19:00:00.000Z,26.1,44.8
New Delhi-8118,2025-01-28T20:00:00.000Z,24.2,50.0
New Delhi-8118,2025-01-28T21:00:00.000Z,9.6,40.1
New Delhi-8118,2025-01-28T22:00:00.000Z,6.4,34.4
New Delhi-8118,2025-01-28T23:00:00.000Z,33.8,36.1
New Delhi-8118,2025-01-29T00:00:00.000Z,25.9,73.0
New Delhi-8118,2025-01-29T01:00:00.000Z,5.5,75.4
New Delhi-8118,2025-01-29T02:00:00.000Z,28.8,48.0
New Delhi-8118,2025-01-29T03:00:00.000Z,15.8,33.9
New Delhi-8118,2025-01-29T04:00:00.000Z,17.8,42.6
New Delhi-8118,2025-01-29T05:00:00.000Z,31.6,42.4
New Delhi-8118,2025-01-29T06:00:00.000Z,29.6,47.3
New Delhi-8118,2025-01-29T07:00:00.000Z,5.3,47.6
New Delhi-8118,2025-01-29T08:00:00.000Z,18.7,84.9
New Delhi-8118,2025-01-29T09:00:00.000Z,5.0,43.0
New Delhi-8118,2025-01-29T10:00:00.000Z,22.3,35.8
New Delhi-8118,2025-01-29T11:00:00.000Z,5.6,73.1
New Delhi-8118,2025-01-29T12:00:00.000Z,5.9,65.3
New Delhi-8118,2025-01-29T13:00:00.000Z,21.4,52.9
New Delhi-8118,2025-01-29T14:00:00.000Z,16.6,59.0
New Delhi-8118,2025-01-29T15:00:00.000Z,25.2,64.8
New Delhi-8118,2025-01-29T16:00:00.000Z,19.8,84.6
New Delhi-8118,2025-01-29T17:00:00.000Z,30.3,43.0
New Delhi-8118,2025-01-29T18:00:00.000Z,16.7,57.8
New Delhi-8118,2025-01-29T19:00:00.000Z,33.0,35.9
New Delhi-8118,2025-01-29T20:00:00.000Z,27.4,67.9
New Delhi-8118,2025-01-29T21:00:00.000Z,20.3,52.2
New Delhi-8118,2025-01-29T22:00:00.000Z,30.8,54.9
New Delhi-8118,2025-01-29T23:00:00.000Z,32.1,33.2
New Delhi-8118,2025-01-30T00:00:00.000Z,5.4,88.3
New Delhi-8118,2025-01-30T01:00:00.000Z,14.3,52.0
New Delhi-8118,2025-01-30T02:00:00.000Z,24.7,75.6
New Delhi-8118,2025-01-30T03:00:00.000Z,18.8,59.6
New Delhi-8118,2025-01-30T04:00:00.000Z,13.3,58.9
New Delhi-8118,2025-01-30T05:00:00.000Z,27.0,76.8
New Delhi-8118,2025-01-30T06:00:00.000Z,5.8,48.2
New Delhi-8118,2025-01-30T07:00:00.000Z,31.4,30.1
New Delhi-8118,2025-01-30T08:00:00.000Z,5.2,85.1
New Delhi-8118,2025-01-30T09:00:00.000Z,13.5,33.6
New Delhi-8118,2025-01-30T10:00:00.000Z,12.2,42.0
New Delhi-8118,2025-01-30T11:00:00.000Z,32.2,72.5
New Delhi-8118,2025-01-30T12:00:00.000Z,33.5,71.9
New Delhi-8118,2025-01-30T13:00:00.000Z,11.3,61.5
New Delhi-8118,2025-01-30T14:00:00.000Z,24.1,32.3
New Delhi-8118,2025-01-30T15:00:00.000Z,27.2,40.7
New Delhi-8118,2025-01-30T16:00:00.000Z,5.4,80.9
New Delhi-8118,2025-01-30T17:00:00.000Z,18.3,66.6
New Delhi-8118,2025-01-30T18:00:00.000Z,8.1,70.8
New Delhi-8118,2025-01-30T19:00:00.000Z,23.2,78.9
New Delhi-8118,2025-01-30T20:00:00.000Z,21.5,68.2
New Delhi-8118,2025-01-30T21:00:00.000Z,14.0,35.0
New Delhi-8118,2025-01-30T22:00:00.000Z,34.2,72.2
New Delhi-8118,2025-01-30T23:00:00.000Z,33.9,46.0
New Delhi-8118,2025-01-31T00:00:00.000Z,10.6,69.6
New Delhi-8118,2025-01-31T01:00:00.000Z,7.0,45.9
New Delhi-8118,2025-01-31T02:00:00.000Z,27.4,59.7
New Delhi-8118,2025-01-31T03:00:00.000Z,8.8,87.2
New Delhi-8118,2025-01-31T04:00:00.000Z,18.4,30.9
New Delhi-8118,2025-01-31T05:00:00.000Z,30.4,43.6
New Delhi-8118,2025-01-31T06:00:00.000Z,9.5,65.2
New Delhi-8118,2025-01-31T07:00:00.000Z,21.5,72.9
New Delhi-8118,2025-01-31T08:00:00.000Z,21.8,62.1
New Delhi-8118,2025-01-31T09:00:00.000Z,31.7,88.9
New Delhi-8118,2025-01-31T10:00:00.000Z,30.2,48.7
New Delhi-8118,2025-01-31T11:00:00.000Z,6.3,67.6
New Delhi-8118,2025-01-31T12:00:00.000Z,30.6,70.3
New Delhi-8118,2025-01-31T13:00:00.000Z,9.0,48.0
New Delhi-8118,2025-01-31T14:00:00.000Z,16.4,50.7
New Delhi-8118,2025-01-31T15:00:00.000Z,8.6,87.2
New Delhi-8118,2025-01-31T16:00:00.000Z,31.0,75.9
New Delhi-8118,2025-01-31T17:00:00.000Z,23.1,69.6
New Delhi-8118,2025-01-31T18:00:00.000Z,11.3,85.0
New Delhi-8118,2025-01-31T19:00:00.000Z,27.9,79.1
New Delhi-8118,2025-01-31T20:00:00.000Z,22.3,39.7
New Delhi-8118,2025-01-31T21:00:00.000Z,25.2,52.0
New Delhi-8118,2025-01-31T22:00:00.000Z,18.9,86.9
New Delhi-8118,2025-01-31T23:00:00.000Z,33.1,69.9
New Delhi-8118,2025-02-01T00:00:00.000Z,21.2,69.6
New Delhi-8118,2025-02-01T01:00:00.000Z,19.5,53.5
New Delhi-8118,2025-02-01T02:00:00.000Z,30.9,89.0
New Delhi-8118,2025-02-01T03:00:00.000Z,18.5,70.3
New Delhi-8118,2025-02-01T04:00:00.000Z,32.5,31.2
New Delhi-8118,2025-02-01T05:00:00.000Z,23.5,73.2
New Delhi-8118,2025-02-01T06:00:00.000Z,26.3,56.7
New Delhi-8118,2025-02-01T07:00:00.000Z,20.1,89.6
New Delhi-8118,2025-02-01T08:00:00.000Z,17.6,85.9
New Delhi-8118,2025-02-01T09:00:00.000Z,11.8,70.6
New Delhi-8118,2025-02-01T10:00:00.000Z,27.0,47.7
New Delhi-8118,2025-02-01T11:00:00.000Z,18.2,78.1
New Delhi-8118,2025-02-01T12:00:00.000Z,8.0,76.1
New Delhi-8118,2025-02-01T13:00:00.000Z,28.0,57.3
New Delhi-8118,2025-02-01T14:00:00.000Z,22.2,60.9
New Delhi-8118,2025-02-01T15:00:00.000Z,21.2,60.2
New Delhi-8118,2025-02-01T16:00:00.000Z,14.4,86.1
New Delhi-8118,2025-02-01T17:00:00.000Z,12.8,81.3
New Delhi-8118,2025-02-01T18:00:00.000Z,25.2,75.5
New Delhi-8118,2025-02-01T19:00:00.000Z,22.7,33.9
New Delhi-8118,2025-02-01T20:00:00.000Z,25.2,43.4
New Delhi-8118,2025-02-01T21:00:00.000Z,33.4,53.7
New Delhi-8118,2025-02-01T22:00:00.000Z,14.6,79.5
New Delhi-8118,2025-02-01T23:00:00.000Z,8.1,72.4
New Delhi-8118,2025-02-02T00:00:00.000Z,13.1,75.8
New Delhi-8118,2025-02-02T01:00:00.000Z,6.6,34.9
New Delhi-8118,2025-02-02T02:00:00.000Z,26.0,71.7
New Delhi-8118,2025-02-02T03:00:00.000Z,28.4,38.1
New Delhi-8118,2025-02-02T04:00:00.000Z,24.6,59.2
New Delhi-8118,2025-02-02T05:00:00.000Z,8.4,80.9
New Delhi-8118,2025-02-02T06:00:00.000Z,26.1,33.3
New Delhi-8118,2025-02-02T07:00:00.000Z,30.3,89.8
New Delhi-8118,2025-02-02T08:00:00.000Z,13.1,87.7
New Delhi-8118,2025-02-02T09:00:00.000Z,27.0,36.7
New Delhi-8118,2025-02-02T10:00:00.000Z,17.8,34.1
New Delhi-8118,2025-02-02T11:00:00.000Z,26.4,37.4
New Delhi-8118,2025-02-02T12:00:00.000Z,26.4,58.9
New Delhi-8118,2025-02-02T13:00:00.000Z,18.3,87.0
New Delhi-8118,2025-02-02T14:00:00.000Z,13.0,50.5
New Delhi-8118,2025-02-02T15:00:00.000Z,25.7,36.2
New Delhi-8118,2025-02-02T16:00:00.000Z,33.6,55.5
New Delhi-8118,2025-02-02T17:00:00.000Z,21.8,37.0
New Delhi-8118,2025-02-02T18:00:00.000Z,19.2,71.6
New Delhi-8118,2025-02-02T19:00:00.000Z,31.5,86.7
New Delhi-8118,2025-02-02T20:00:00.000Z,11.9,57.1
New Delhi-8118,2025-02-02T21:00:00.000Z,30.1,31.8
New Delhi-8118,2025-02-02T22:00:00.000Z,7.1,53.7
New Delhi-8118,2025-02-02T23:00:00.000Z,35.0,35.8
New Delhi-8118,2025-02-03T00:00:00.000Z,12.6,43.8
New Delhi-8118,2025-02-03T01:00:00.000Z,30.4,62.1
New Delhi-8118,2025-02-03T02:00:00.000Z,33.9,36.2
New Delhi-8118,2025-02-03T03:00:00.000Z,9.0,62.5
New Delhi-8118,2025-02-03T04:00:00.000Z,10.7,33.9
New Delhi-8118,2025-02-03T05:00:00.000Z,15.7,51.3
New Delhi-8118,2025-02-03T06:00:00.000Z,23.1,31.2
New Delhi-8118,2025-02-03T07:00:00.000Z,7.9,79.0
New Delhi-8118,2025-02-03T08:00:00.000Z,11.2,85.1
New Delhi-8118,2025-02-03T09:00:00.000Z,24.0,40.0
New Delhi-8118,2025-02-03T10:00:00.000Z,19.5,72.5
New Delhi-8118,2025-02-03T11:00:00.000Z,16.9,64.0
New Delhi-8118,2025-02-03T12:00:00.000Z,10.5,56.5
New Delhi-8118,2025-02-03T13:00:00.000Z,21.6,46.5
New Delhi-8118,2025-02-03T14:00:00.000Z,26.4,59.7
New Delhi-8118,2025-02-03T15:00:00.000Z,19.9,46.2
New Delhi-8118,2025-02-03T16:00:00.000Z,6.5,89.5
New Delhi-8118,2025-02-03T17:00:00.000Z,27.6,50.3
New Delhi-8118,2025-02-03T18:00:00.000Z,22.2,35.3
New Delhi-8118,2025-02-03T19:00:00.000Z,22.7,66.0
New Delhi-8118,2025-02-03T20:00:00.000Z,9.8,35.4
New Delhi-8118,2025-02-03T21:00:00.000Z,10.3,35.4
New Delhi-8118,2025-02-03T22:00:00.000Z,15.8,77.1
New Delhi-8118,2025-02-03T23:00:00.000Z,28.1,78.8
New Delhi-8118,2025-02-04T00:00:00.000Z,13.6,31.3
New Delhi-8118,2025-02-04T01:00:00.000Z,33.6,61.3
New Delhi-8118,2025-02-04T02:00:00.000Z,23.3,71.9
New Delhi-8118,2025-02-04T03:00:00.000Z,9.1,74.6
New Delhi-8118,2025-02-04T04:00:00.000Z,31.7,33.5
New Delhi-8118,2025-02-04T05:00:00.000Z,30.3,68.9
New Delhi-8118,2025-02-04T06:00:00.000Z,6.0,54.5
New Delhi-8118,2025-02-04T07:00:00.000Z,13.6,42.9
New Delhi-8118,2025-02-04T08:00:00.000Z,9.8,59.9
New Delhi-8118,2025-02-04T09:00:00.000Z,21.5,78.4
New Delhi-8118,2025-02-04T10:00:00.000Z,33.2,55.2
New Delhi-8118,2025-02-04T11:00:00.000Z,18.2,62.5
New Delhi-8118,2025-02-04T12:00:00.000Z,17.4,31.4
New Delhi-8118,2025-02-04T13:00:00.000Z,12.8,44.6
New Delhi-8118,2025-02-04T14:00:00.000Z,31.6,48.6
New Delhi-8118,2025-02-04T15:00:00.000Z,19.5,70.3
New Delhi-8118,2025-02-04T16:00:00.000Z,21.7,40.8
New Delhi-8118,2025-02-04T17:00:00.000Z,19.5,67.4
New Delhi-8118,2025-02-04T18:00:00.000Z,9.5,37.2
New Delhi-8118,2025-02-04T19:00:00.000Z,17.8,62.7
New Delhi-8118,2025-02-04T20:00:00.000Z,23.0,37.6
New Delhi-8118,2025-02-04T21:00:00.000Z,10.0,30.7
New Delhi-8118,2025-02-04T22:00:00.000Z,5.9,39.1
New Delhi-8118,2025-02-04T23:00:00.000Z,5.0,80.3
New Delhi-8118,2025-02-05T00:00:00.000Z,26.7,41.2
New Delhi-8118,2025-02-05T01:00:00.000Z,25.0,74.9
New Delhi-8118,2025-02-05T02:00:00.000Z,7.0,48.9
New Delhi-8118,2025-02-05T03:00:00.000Z,20.2,33.6
New Delhi-8118,2025-02-05T04:00:00.000Z,19.2,85.4
New Delhi-8118,2025-02-05T05:00:00.000Z,16.4,80.0
New Delhi-8118,2025-02-05T06:00:00.000Z,23.9,61.8
New Delhi-8118,2025-02-05T07:00:00.000Z,26.3,50.4
New Delhi-8118,2025-02-05T08:00:00.000Z,27.1,47.4
New Delhi-8118,2025-02-05T09:00:00.000Z,9.0,79.4
New Delhi-8118,2025-02-05T10:00:00.000Z,6.1,73.2
New Delhi-8118,2025-02-05T11:00:00.000Z,21.6,45.6
New Delhi-8118,2025-02-05T12:00:00.000Z,18.3,32.7
New Delhi-8118,2025-02-05T13:00:00.000Z,14.4,65.5
New Delhi-8118,2025-02-05T14:00:00.000Z,25.3,64.8
New Delhi-8118,2025-02-05T15:00:00.000Z,21.8,38.4
New Delhi-8118,2025-02-05T16:00:00.000Z,20.4,51.8
New Delhi-8118,2025-02-05T17:00:00.000Z,10.9,42.7
New Delhi-8118,2025-02-05T18:00:00.000Z,5.5,68.3
New Delhi-8118,2025-02-05T19:00:00.000Z,27.6,81.2
New Delhi-8118,2025-02-05T20:00:00.000Z,32.8,67.7
New Delhi-8118,2025-02-05T21:00:00.000Z,26.8,89.1
New Delhi-8118,2025-02-05T22:00:00.000Z,29.1,57.1
New Delhi-8118,2025-02-05T23:00:00.000Z,14.7,41.8
New Delhi-8118,2025-02-06T00:00:00.000Z,34.7,35.1
New Delhi-8118,2025-02-06T01:00:00.000Z,21.2,70.0
New Delhi-8118,2025-02-06T02:00:00.000Z,16.7,59.6
New Delhi-8118,2025-02-06T03:00:00.000Z,32.6,88.6
New Delhi-8118,2025-02-06T04:00:00.000Z,5.1,88.2
New Delhi-8118,2025-02-06T05:00:00.000Z,33.2,83.3
New Delhi-8118,2025-02-06T06:00:00.000Z,7.8,76.8
New Delhi-8118,2025-02-06T07:00:00.000Z,15.8,44.6
New Delhi-8118,2025-02-06T08:00:00.000Z,5.5,38.4
New Delhi-8118,2025-02-06T09:00:00.000Z,20.6,84.7
New Delhi-8118,2025-02-06T10:00:00.000Z,27.8,82.1
New Delhi-8118,2025-02-06T11:00:00.000Z,23.6,89.2
New Delhi-8118,2025-02-06T12:00:00.000Z,33.0,84.1
New Delhi-8118,2025-02-06T13:00:00.000Z,19.5,52.0
New Delhi-8118,2025-02-06T14:00:00.000Z,6.0,79.3
New Delhi-8118,2025-02-06T15:00:00.000Z,26.5,65.0
New Delhi-8118,2025-02-06T16:00:00.000Z,16.7,85.3
New Delhi-8118,2025-02-06T17:00:00.000Z,9.6,53.3
New Delhi-8118,2025-02-06T18:00:00.000Z,30.2,39.6
New Delhi-8118,2025-02-06T19:00:00.000Z,33.9,70.1
New Delhi-8118,2025-02-06T20:00:00.000Z,21.1,50.7
New Delhi-8118,2025-02-06T21:00:00.000Z,28.8,86.4
New Delhi-8118,2025-02-06T22:00:00.000Z,8.5,32.3
New Delhi-8118,2025-02-06T23:00:00.000Z,19.9,86.9
New Delhi-8118,2025-02-07T00:00:00.000Z,20.2,34.1
New Delhi-8118,2025-02-07T01:00:00.000Z,34.9,61.4
New Delhi-8118,2025-02-07T02:00:00.000Z,8.7,84.7
New Delhi-8118,2025-02-07T03:00:00.000Z,8.9,63.8
New Delhi-8118,2025-02-07T04:00:00.000Z,32.5,89.4
New Delhi-8118,2025-02-07T05:00:00.000Z,20.3,37.2
New Delhi-8118,2025-02-07T06:00:00.000Z,17.6,45.8
New Delhi-8118,2025-02-07T07:00:00.000Z,23.5,75.8
New Delhi-8118,2025-02-07T08:00:00.000Z,9.5,69.6
New Delhi-8118,2025-02-07T09:00:00.000Z,15.9,64.9
New Delhi-8118,2025-02-07T10:00:00.000Z,19.6,86.8
New Delhi-8118,2025-02-07T11:00:00.000Z,31.2,63.6
New Delhi-8118,2025-02-07T12:00:00.000Z,13.8,71.8
New Delhi-8118,2025-02-07T13:00:00.000Z,25.8,58.4
New Delhi-8118,2025-02-07T14:00:00.000Z,31.8,34.9
New Delhi-8118,2025-02-07T15:00:00.000Z,23.0,35.2
New Delhi-8118,2025-02-07T16:00:00.000Z,28.0,58.8
New Delhi-8118,2025-02-07T17:00:00.000Z,5.6,38.6
New Delhi-8118,2025-02-07T18:00:00.000Z,11.0,59.3
New Delhi-8118,2025-02-07T19:00:00.000Z,23.8,33.7
New Delhi-8118,2025-02-07T20:00:00.000Z,22.9,59.3
New Delhi-8118,2025-02-07T21:00:00.000Z,23.5,41.7
New Delhi-8118,2025-02-07T22:00:00.000Z,30.6,88.5
New Delhi-8118,2025-02-07T23:00:00.000Z,26.9,68.4
New Delhi-8118,2025-02-08T00:00:00.000Z,11.1,55.8
New Delhi-8118,2025-02-08T01:00:00.000Z,31.1,34.1
New Delhi-8118,2025-02-08T02:00:00.000Z,21.9,53.9
New Delhi-8118,2025-02-08T03:00:00.000Z,34.7,68.3
New Delhi-8118,2025-02-08T04:00:00.000Z,22.0,76.3
New Delhi-8118,2025-02-08T05:00:00.000Z,5.0,48.7
New Delhi-8118,2025-02-08T06:00:00.000Z,6.7,53.9
New Delhi-8118,2025-02-08T07:00:00.000Z,33.1,32.6
New Delhi-8118,2025-02-08T08:00:00.000Z,34.0,48.0
New Delhi-8118,2025-02-08T09:00:00.000Z,28.2,83.3
New Delhi-8118,2025-02-08T10:00:00.000Z,32.9,70.7
New Delhi-8118,2025-02-08T11:00:00.000Z,8.6,71.8
New Delhi-8118,2025-02-08T12:00:00.000Z,14.9,60.4
New Delhi-8118,2025-02-08T13:00:00.000Z,30.1,43.7
New Delhi-8118,2025-02-08T14:00:00.000Z,24.5,32.6
New Delhi-8118,2025-02-08T15:00:00.000Z,33.6,82.1
New Delhi-8118,2025-02-08T16:00:00.000Z,23.2,57.8
New Delhi-8118,2025-02-08T17:00:00.000Z,9.2,40.9
New Delhi-8118,2025-02-08T18:00:00.000Z,16.0,30.5
New Delhi-8118,2025-02-08T19:00:00.000Z,9.5,77.1
New Delhi-8118,2025-02-08T20:00:00.000Z,26.0,43.2
New Delhi-8118,2025-02-08T21:00:00.000Z,9.0,44.6
New Delhi-8118,2025-02-08T22:00:00.000Z,17.6,62.6
New Delhi-8118,2025-02-08T23:00:00.000Z,27.9,40.1
New Delhi-8118,2025-02-09T00:00:00.000Z,35.0,32.5
New Delhi-8118,2025-02-09T01:00:00.000Z,22.6,57.2
New Delhi-8118,2025-02-09T02:00:00.000Z,23.0,32.8
New Delhi-8118,2025-02-09T03:00:00.000Z,17.0,75.9
New Delhi-8118,2025-02-09T04:00:00.000Z,21.6,67.1
New Delhi-8118,2025-02-09T05:00:00.000Z,16.2,40.2
New Delhi-8118,2025-02-09T06:00:00.000Z,21.7,31.7
New Delhi-8118,2025-02-09T07:00:00.000Z,29.6,35.5
New Delhi-8118,2025-02-09T08:00:00.000Z,9.9,86.9
New Delhi-8118,2025-02-09T09:00:00.000Z,28.5,46.1
New Delhi-8118,2025-02-09T10:00:00.000Z,24.5,42.0
New Delhi-8118,2025-02-09T11:00:00.000Z,8.9,60.1
New Delhi-8118,2025-02-09T12:00:00.000Z,17.9,35.9
New Delhi-8118,2025-02-09T13:00:00.000Z,21.1,76.0
New Delhi-8118,2025-02-09T14:00:00.000Z,16.9,49.7
New Delhi-8118,2025-02-09T15:00:00.000Z,6.6,33.7
New Delhi-8118,2025-02-09T16:00:00.000Z,12.2,70.0
New Delhi-8118,2025-02-09T17:00:00.000Z,33.4,56.1
New Delhi-8118,2025-02-09T18:00:00.000Z,33.0,87.0
New Delhi-8118,2025-02-09T19:00:00.000Z,27.0,81.7
New Delhi-8118,2025-02-09T20:00:00.000Z,9.2,73.6
New Delhi-8118,2025-02-09T21:00:00.000Z,33.1,43.8
New Delhi-8118,2025-02-09T22:00:00.000Z,15.6,77.1
New Delhi-8118,2025-02-09T23:00:00.000Z,34.0,35.7
New Delhi-8118,2025-02-10T00:00:00.000Z,23.2,72.0
New Delhi-8118,2025-02-10T01:00:00.000Z,15.6,70.9
New Delhi-8118,2025-02-10T02:00:00.000Z,16.8,31.1
New Delhi-8118,2025-02-10T03:00:00.000Z,28.0,77.1
New Delhi-8118,2025-02-10T04:00:00.000Z,21.6,32.5
New Delhi-8118,2025-02-10T05:00:00.000Z,32.3,47.2
New Delhi-8118,2025-02-10T06:00:00.000Z,16.1,49.3
New Delhi-8118,2025-02-10T07:00:00.000Z,30.8,38.9
New Delhi-8118,2025-02-10T08:00:00.000Z,16.5,43.2
New Delhi-8118,2025-02-10T09:00:00.000Z,12.8,69.1
New Delhi-8118,2025-02-10T10:00:00.000Z,31.9,49.5
New Delhi-8118,2025-02-10T11:00:00.000Z,27.1,35.0
New Delhi-8118,2025-02-10T12:00:00.000Z,12.0,67.7
New Delhi-8118,2025-02-10T13:00:00.000Z,17.0,71.5
New Delhi-8118,2025-02-10T14:00:00.000Z,17.3,62.3
New Delhi-8118,2025-02-10T15:00:00.000Z,7.3,82.4
New Delhi-8118,2025-02-10T16:00:00.000Z,13.5,89.1
New Delhi-8118,2025-02-10T17:00:00.000Z,11.6,39.5
New Delhi-8118,2025-02-10T18:00:00.000Z,7.6,44.3
New Delhi-8118,2025-02-10T19:00:00.000Z,22.4,57.4
New Delhi-8118,2025-02-10T20:00:00.000Z,29.1,77.4
New Delhi-8118,2025-02-10T21:00:00.000Z,17.0,74.8
New Delhi-8118,2025-02-10T22:00:00.000Z,7.5,52.2
New Delhi-8118,2025-02-10T23:00:00.000Z,33.8,65.4
